-- phpMyAdmin SQL Dump
-- version 5.2.1
-- https://www.phpmyadmin.net/
--
-- Host: 127.0.0.1
-- Generation Time: Dec 01, 2023 at 05:01 PM
-- Server version: 10.4.32-MariaDB
-- PHP Version: 8.2.12

SET SQL_MODE = "NO_AUTO_VALUE_ON_ZERO";
START TRANSACTION;
SET time_zone = "+00:00";


/*!40101 SET @OLD_CHARACTER_SET_CLIENT=@@CHARACTER_SET_CLIENT */;
/*!40101 SET @OLD_CHARACTER_SET_RESULTS=@@CHARACTER_SET_RESULTS */;
/*!40101 SET @OLD_COLLATION_CONNECTION=@@COLLATION_CONNECTION */;
/*!40101 SET NAMES utf8mb4 */;

--
-- Database: `nlcskhmt`
--

-- --------------------------------------------------------

--
-- Table structure for table `admin`
--

CREATE TABLE `admin` (
  `AD_MA` int(10) NOT NULL,
  `AD_EMAIL` varchar(50) NOT NULL,
  `AD_MATKHAU` varchar(50) NOT NULL
) ENGINE=InnoDB DEFAULT CHARSET=utf8mb4 COLLATE=utf8mb4_general_ci;

--
-- Dumping data for table `admin`
--

INSERT INTO `admin` (`AD_MA`, `AD_EMAIL`, `AD_MATKHAU`) VALUES
(1, 'admin@admin.admin', '21232f297a57a5a743894a0e4a801fc3');

-- --------------------------------------------------------

--
-- Table structure for table `calendar`
--

CREATE TABLE `calendar` (
  `month` int(11) DEFAULT NULL
) ENGINE=InnoDB DEFAULT CHARSET=utf8mb4 COLLATE=utf8mb4_general_ci;

--
-- Dumping data for table `calendar`
--

INSERT INTO `calendar` (`month`) VALUES
(1),
(2),
(3),
(4),
(5),
(6),
(7),
(8),
(9),
(10),
(11),
(12);

-- --------------------------------------------------------

--
-- Table structure for table `congviec`
--

CREATE TABLE `congviec` (
  `CV_MA` int(10) NOT NULL,
  `CV_TEN` varchar(50) NOT NULL,
  `CV_NGAYBATDAU` date NOT NULL,
  `CV_NGAYKETTHUC` date NOT NULL,
  `CV_NOIDUNG` text NOT NULL,
  `CV_TIENDO` varchar(50) NOT NULL,
  `CV_TRANGTHAICV` varchar(50) NOT NULL,
  `CV_NGAYTAO` date NOT NULL,
  `CV_NTH` int(10) NOT NULL,
  `CV_NGS` int(10) NOT NULL,
  `LCV_MA` int(10) NOT NULL
) ENGINE=InnoDB DEFAULT CHARSET=utf8mb4 COLLATE=utf8mb4_general_ci;

--
-- Dumping data for table `congviec`
--

INSERT INTO `congviec` (`CV_MA`, `CV_TEN`, `CV_NGAYBATDAU`, `CV_NGAYKETTHUC`, `CV_NOIDUNG`, `CV_TIENDO`, `CV_TRANGTHAICV`, `CV_NGAYTAO`, `CV_NTH`, `CV_NGS`, `LCV_MA`) VALUES
(3, 'Đi học ', '2023-10-10', '2023-12-31', 'ĐI HỌC ĐI HỌC ĐI HỌC ĐI HỌC', '75', 'Sắp xong', '2023-10-26', 1, 2, 3),
(6, 'Soạn thảo', '2023-10-26', '2023-12-31', 'Soạn thảo văn bản,Soạn thảo văn bản,Soạn thảo văn bản,Soạn thảo văn bản,Soạn thảo văn bản', '25', 'Đang suy', '2023-10-26', 1, 2, 2),
(7, 'Đi ăn sáng', '2023-10-29', '2023-12-31', 'Đi ăn bún bò Huế với con Bò ở Huế.', '100', 'Đang ăn', '2023-10-29', 3, 2, 3),
(8, 'Làm BT Nhóm', '2023-02-09', '2023-12-31', 'Làm BT Nhóm tới chết. Không xong không về. Không ăn không uống không ngủ, không được buồn ỉaa.', '15', 'Chưa hoàn thành', '2023-10-29', 2, 3, 2),
(9, '31234', '2023-02-22', '2023-12-31', '111', '57', 'Đang chờ', '2023-10-29', 1, 1, 1),
(10, 'Đi tắm', '2023-10-31', '2023-12-31', 'ĐI TẮMMMMMMMMM', '100', 'Sắp Xong', '0000-00-00', 2, 3, 1),
(11, 'Machine Learning', '2023-11-02', '2023-12-31', 'Tạo Model Máy học học tập từ dữ liệu có nhãn.', '100', 'Xong', '2023-11-02', 2, 2, 3),
(12, 'Ngủ', '2023-11-01', '2023-12-31', 'Nothing', '100', 'Đang thực hiện', '2023-11-02', 2, 3, 1),
(14, 'Học', '2023-11-02', '2023-12-31', 'nothing change', '90', 'Đang thực hiện', '2023-11-03', 2, 2, 2),
(15, 'Học', '2023-11-02', '2023-11-08', 'nothing change', '100', 'Đang thực hiện', '2023-11-03', 2, 2, 2),
(17, 'TEST CÔNG VIỆC 3', '2023-11-09', '2023-11-17', 'TESTTTTTT', '0', 'Đang chờ', '2023-11-09', 3, 1, 1),
(18, 'Tôi thèm ngủ', '2023-11-22', '2023-12-31', '0', '99', '0', '2023-11-22', 2, 2, 5),
(19, 'Đi ngủ', '2023-11-22', '2023-12-31', '0', '6', '0', '2023-11-22', 2, 2, 5),
(20, 'SIUUUUUUUU', '2023-11-22', '2023-12-31', '0', '100', '0', '2023-11-22', 2, 2, 5),
(21, 'làm gì đó đi', '2023-11-22', '2023-12-31', '0', '100', '0', '2023-11-22', 2, 2, 5),
(22, 'Tên công việc', '2023-11-22', '2023-11-30', '0', '100', '0', '2023-11-22', 2, 2, 5),
(23, 'Tên công việc', '2023-11-22', '2023-12-31', '0', '0', '0', '2023-11-22', 2, 2, 5),
(24, 'Tên công việc', '2023-11-22', '2023-11-30', '0', '100', '0', '2023-11-22', 2, 2, 5),
(25, 'Tên công việc', '2023-11-22', '2023-12-31', '0', '66', '0', '2023-11-22', 2, 2, 5),
(26, 'Tên công việc', '2023-11-22', '2023-11-23', '0', '66', '0', '2023-11-22', 2, 2, 5),
(27, 'Tên công việc', '2023-11-22', '2023-11-30', '0', '100', '0', '2023-11-22', 2, 2, 5),
(28, 'Tên công việc', '2023-11-22', '2023-11-23', '0', '66', '0', '2023-11-22', 2, 2, 5),
(29, 'đi chứ', '2023-11-11', '2023-12-31', '0', '66', '0', '2023-11-22', 2, 2, 5),
(30, 'đi công viên không', '2023-11-11', '2023-12-31', '0', '66', '0', '2023-11-22', 2, 2, 5),
(31, 'wassup', '2023-11-11', '2023-11-20', '0', '66', '0', '2023-11-22', 2, 2, 5),
(32, '0000', '2023-11-11', '2023-11-20', '0', '66', '0', '2023-11-22', 2, 2, 5),
(33, '0000', '2023-11-11', '2023-11-20', '0', '66', '0', '2023-11-22', 2, 2, 5),
(34, 'gnasdfjkgbndfjksgnjlsdkngjdksngjklsdfngjkl;dsfgnbj', '2023-11-22', '2023-11-23', 'gnasdfjkgbndfjksgnjlsdkngjdksngjklsdfngjkl;dsfgnbjksdfngjkslfdgnasdfjkgbndfjksgnjlsdkngjdksngjklsdfngjkl;dsfgnbjksdfngjkslfdgnasdfjkgbndfjksgnjlsdkngjdksngjklsdfngjkl;dsfgnbjksdfngjkslfdgnasdfjkgbndfjksgnjlsdkngjdksngjklsdfngjkl;dsfgnbjksdfngjkslfdgnasdfjkgbndfjksgnjlsdkngjdksngjklsdfngjkl;dsfgnbjksdfngjkslfdgnasdfjkgbndfjksgnjlsdkngjdksngjklsdfngjkl;dsfgnbjksdfngjkslfdgnasdfjkgbndfjksgnjlsdkngjdksngjklsdfngjkl;dsfgnbjksdfngjkslfdgnasdfjkgbndfjksgnjlsdkngjdksngjklsdfngjkl;dsfgnbjksdfngjkslfdgnasdfjkgbndfjksgnjlsdkngjdksngjklsdfngjkl;dsfgnbjksdfngjkslfdgnasdfjkgbndfjksgnjlsdkngjdksngjklsdfngjkl;dsfgnbjksdfngjkslfdgnasdfjkgbndfjksgnjlsdkngjdksngjklsdfngjkl;dsfgnbjksdfngjkslfdgnasdfjkgbndfjksgnjlsdkngjdksngjklsdfngjkl;dsfgnbjksdfngjkslfdgnasdfjkgbndfjksgnjlsdkngjdksngjklsdfngjkl;dsfgnbjksdfngjkslfdgnasdfjkgbndfjksgnjlsdkngjdksngjklsdfngjkl;dsfgnbjksdfngjkslfdgnasdfjkgbndfjksgnjlsdkngjdksngjklsdfngjkl;dsfgnbjksdfngjkslfdgnasdfjkgbndfjksgnjlsdkngjdksngjklsdfngjkl;dsfgnbjksdfngjkslfdgnasdfjkgbndfjksgnjlsdkngjdksngjklsdfngjkl;dsfgnbjksdfngjkslfdgnasdfjkgbndfjksgnjlsdkngjdksngjklsdfngjkl;dsfgnbjksdfngjkslfdgnasdfjkgbndfjksgnjlsdkngjdksngjklsdfngjkl;dsfgnbjksdfngjkslfdgnasdfjkgbndfjksgnjlsdkngjdksngjklsdfngjkl;dsfgnbjksdfngjkslfdgnasdfjkgbndfjksgnjlsdkngjdksngjklsdfngjkl;dsfgnbjksdfngjkslfdgnasdfjkgbndfjksgnjlsdkngjdksngjklsdfngjkl;dsfgnbjksdfngjkslfdgnasdfjkgbndfjksgnjlsdkngjdksngjklsdfngjkl;dsfgnbjksdfngjkslfdgnasdfjkgbndfjksgnjlsdkngjdksngjklsdfngjkl;dsfgnbjksdfngjkslfdgnasdfjkgbndfjksgnjlsdkngjdksngjklsdfngjkl;dsfgnbjksdfngjkslfdgnasdfjkgbndfjksgnjlsdkngjdksngjklsdfngjkl;dsfgnbjksdfngjkslfdgnasdfjkgbndfjksgnjlsdkngjdksngjklsdfngjkl;dsfgnbjksdfngjkslfdgnasdfjkgbndfjksgnjlsdkngjdksngjklsdfngjkl;dsfgnbjksdfngjkslfdgnasdfjkgbndfjksgnjlsdkngjdksngjklsdfngjkl;dsfgnbjksdfngjkslfdgnasdfjkgbndfjksgnjlsdkngjdksngjklsdfngjkl;dsfgnbjksdfngjkslfdgnasdfjkgbndfjksgnjlsdkngjdksngjklsdfngjkl;dsfgnbjksdfngjkslfdgnasdfjkgbndfjksgnjlsdkngjdksngjklsdfngjkl;dsfgnbjksdfngjkslfdgnasdfjkgbndfjksgnjlsdkngjdksngjklsdfngjkl;dsfgnbjksdfngjkslfdgnasdfjkgbndfjksgnjlsdkngjdksngjklsdfngjkl;dsfgnbjksdfngjkslfdgnasdfjkgbndfjksgnjlsdkngjdksngjklsdfngjkl;dsfgnbjksdfngjkslfdgnasdfjkgbndfjksgnjlsdkngjdksngjklsdfngjkl;dsfgnbjksdfngjkslfdgnasdfjkgbndfjksgnjlsdkngjdksngjklsdfngjkl;dsfgnbjksdfngjkslfdgnasdfjkgbndfjksgnjlsdkngjdksngjklsdfngjkl;dsfgnbjksdfngjkslfdgnasdfjkgbndfjksgnjlsdkngjdksngjklsdfngjkl;dsfgnbjksdfngjkslfdgnasdfjkgbndfjksgnjlsdkngjdksngjklsdfngjkl;dsfgnbjksdfngjkslfdgnasdfjkgbndfjksgnjlsdkngjdksngjklsdfngjkl;dsfgnbjksdfngjkslfdgnasdfjkgbndfjksgnjlsdkngjdksngjklsdfngjkl;dsfgnbjksdfngjkslfdgnasdfjkgbndfjksgnjlsdkngjdksngjklsdfngjkl;dsfgnbjksdfngjkslfdgnasdfjkgbndfjksgnjlsdkngjdksngjklsdfngjkl;dsfgnbjksdfngjkslfdgnasdfjkgbndfjksgnjlsdkngjdksngjklsdfngjkl;dsfgnbjksdfngjkslfdgnasdfjkgbndfjksgnjlsdkngjdksngjklsdfngjkl;dsfgnbjksdfngjkslfdgnasdfjkgbndfjksgnjlsdkngjdksngjklsdfngjkl;dsfgnbjksdfngjkslfdgnasdfjkgbndfjksgnjlsdkngjdksngjklsdfngjkl;dsfgnbjksdfngjkslfdgnasdfjkgbndfjksgnjlsdkngjdksngjklsdfngjkl;dsfgnbjksdfngjkslfdgnasdfjkgbndfjksgnjlsdkngjdksngjklsdfngjkl;dsfgnbjksdfngjkslfdgnasdfjkgbndfjksgnjlsdkngjdksngjklsdfngjkl;dsfgnbjksdfngjkslfdgnasdfjkgbndfjksgnjlsdkngjdksngjklsdfngjkl;dsfgnbjksdfngjkslfdgnasdfjkgbndfjksgnjlsdkngjdksngjklsdfngjkl;dsfgnbjksdfngjkslfdgnasdfjkgbndfjksgnjlsdkngjdksngjklsdfngjkl;dsfgnbjksdfngjkslfdgnasdfjkgbndfjksgnjlsdkngjdksngjklsdfngjkl;dsfgnbjksdfngjkslfdgnasdfjkgbndfjksgnjlsdkngjdksngjklsdfngjkl;dsfgnbjksdfngjkslfdgnasdfjkgbndfjksgnjlsdkngjdksngjklsdfngjkl;dsfgnbjksdfngjkslfdgnasdfjkgbndfjksgnjlsdkngjdksngjklsdfngjkl;dsfgnbjksdfngjkslfdgnasdfjkgbndfjksgnjlsdkngjdksngjklsdfngjkl;dsfgnbjksdfngjkslfdgnasdfjkgbndfjksgnjlsdkngjdksngjklsdfngjkl;dsfgnbjksdfngjkslfdgnasdfjkgbndfjksgnjlsdkngjdksngjklsdfngjkl;dsfgnbjksdfngjkslfdgnasdfjkgbndfjksgnjlsdkngjdksngjklsdfngjkl;dsfgnbjksdfngjkslfdgnasdfjkgbndfjksgnjlsdkngjdksngjklsdfngjkl;dsfgnbjksdfngjkslfdgnasdfjkgbndfjksgnjlsdkngjdksngjklsdfngjkl;dsfgnbjksdfngjkslfdgnasdfjkgbndfjksgnjlsdkngjdksngjklsdfngjkl;dsfgnbjksdfngjkslfdgnasdfjkgbndfjksgnjlsdkngjdksngjklsdfngjkl;dsfgnbjksdfngjkslfdgnasdfjkgbndfjksgnjlsdkngjdksngjklsdfngjkl;dsfgnbjksdfngjkslfdgnasdfjkgbndfjksgnjlsdkngjdksngjklsdfngjkl;dsfgnbjksdfngjkslfdgnasdfjkgbndfjksgnjlsdkngjdksngjklsdfngjkl;dsfgnbjksdfngjkslfdgnasdfjkgbndfjksgnjlsdkngjdksngjklsdfngjkl;dsfgnbjksdfngjkslfdgnasdfjkgbndfjksgnjlsdkngjdksngjklsdfngjkl;dsfgnbjksdfngjkslfdgnasdfjkgbndfjksgnjlsdkngjdksngjklsdfngjkl;dsfgnbjksdfngjkslfdgnasdfjkgbndfjksgnjlsdkngjdksngjklsdfngjkl;dsfgnbjksdfngjkslfdgnasdfjkgbndfjksgnjlsdkngjdksngjklsdfngjkl;dsfgnbjksdfngjkslfdgnasdfjkgbndfjksgnjlsdkngjdksngjklsdfngjkl;dsfgnbjksdfngjkslfdgnasdfjkgbndfjksgnjlsdkngjdksngjklsdfngjkl;dsfgnbjksdfngjkslfdgnasdfjkgbndfjksgnjlsdkngjdksngjklsdfngjkl;dsfgnbjksdfngjkslfdgnasdfjkgbndfjksgnjlsdkngjdksngjklsdfngjkl;dsfgnbjksdfngjkslfdgnasdfjkgbndfjksgnjlsdkngjdksngjklsdfngjkl;dsfgnbjksdfngjkslfdgnasdfjkgbndfjksgnjlsdkngjdksngjklsdfngjkl;dsfgnbjksdfngjkslfdgnasdfjkgbndfjksgnjlsdkngjdksngjklsdfngjkl;dsfgnbjksdfngjkslfdgnasdfjkgbndfjksgnjlsdkngjdksngjklsdfngjkl;dsfgnbjksdfngjkslfdgnasdfjkgbndfjksgnjlsdkngjdksngjklsdfngjkl;dsfgnbjksdfngjkslfdgnasdfjkgbndfjksgnjlsdkngjdksngjklsdfngjkl;dsfgnbjksdfngjkslfdgnasdfjkgbndfjksgnjlsdkngjdksngjklsdfngjkl;dsfgnbjksdfngjkslfdgnasdfjkgbndfjksgnjlsdkngjdksngjklsdfngjkl;dsfgnbjksdfngjkslfdgnasdfjkgbndfjksgnjlsdkngjdksngjklsdfngjkl;dsfgnbjksdfngjkslfdgnasdfjkgbndfjksgnjlsdkngjdksngjklsdfngjkl;dsfgnbjksdfngjkslfdgnasdfjkgbndfjksgnjlsdkngjdksngjklsdfngjkl;dsfgnbjksdfngjkslfdgnasdfjkgbndfjksgnjlsdkngjdksngjklsdfngjkl;dsfgnbjksdfngjkslfdgnasdfjkgbndfjksgnjlsdkngjdksngjklsdfngjkl;dsfgnbjksdfngjkslfdgnasdfjkgbndfjksgnjlsdkngjdksngjklsdfngjkl;dsfgnbjksdfngjkslfdgnasdfjkgbndfjksgnjlsdkngjdksngjklsdfngjkl;dsfgnbjksdfngjkslfdgnasdfjkgbndfjksgnjlsdkngjdksngjklsdfngjkl;dsfgnbjksdfngjkslfdgnasdfjkgbndfjksgnjlsdkngjdksngjklsdfngjkl;dsfgnbjksdfngjkslfdgnasdfjkgbndfjksgnjlsdkngjdksngjklsdfngjkl;dsfgnbjksdfngjkslfdgnasdfjkgbndfjksgnjlsdkngjdksngjklsdfngjkl;dsfgnbjksdfngjkslfdgnasdfjkgbndfjksgnjlsdkngjdksngjklsdfngjkl;dsfgnbjksdfngjkslfdgnasdfjkgbndfjksgnjlsdkngjdksngjklsdfngjkl;dsfgnbjksdfngjkslfdgnasdfjkgbndfjksgnjlsdkngjdksngjklsdfngjkl;dsfgnbjksdfngjkslfdgnasdfjkgbndfjksgnjlsdkngjdksngjklsdfngjkl;dsfgnbjksdfngjkslfdgnasdfjkgbndfjksgnjlsdkngjdksngjklsdfngjkl;dsfgnbjksdfngjkslfdgnasdfjkgbndfjksgnjlsdkngjdksngjklsdfngjkl;dsfgnbjksdfngjkslfdgnasdfjkgbndfjksgnjlsdkngjdksngjklsdfngjkl;dsfgnbjksdfngjkslfdgnasdfjkgbndfjksgnjlsdkngjdksngjklsdfngjkl;dsfgnbjksdfngjkslfdgnasdfjkgbndfjksgnjlsdkngjdksngjklsdfngjkl;dsfgnbjksdfngjkslfdgnasdfjkgbndfjksgnjlsdkngjdksngjklsdfngjkl;dsfgnbjksdfngjkslfdgnasdfjkgbndfjksgnjlsdkngjdksngjklsdfngjkl;dsfgnbjksdfngjkslfdgnasdfjkgbndfjksgnjlsdkngjdksngjklsdfngjkl;dsfgnbjksdfngjkslfdgnasdfjkgbndfjksgnjlsdkngjdksngjklsdfngjkl;dsfgnbjksdfngjkslfdgnasdfjkgbndfjksgnjlsdkngjdksngjklsdfngjkl;dsfgnbjksdfngjkslfdgnasdfjkgbndfjksgnjlsdkngjdksngjklsdfngjkl;dsfgnbjksdfngjkslfdgnasdfjkgbndfjksgnjlsdkngjdksngjklsdfngjkl;dsfgnbjksdfngjkslfdgnasdfjkgbndfjksgnjlsdkngjdksngjklsdfngjkl;dsfgnbjksdfngjkslfdgnasdfjkgbndfjksgnjlsdkngjdksngjklsdfngjkl;dsfgnbjksdfngjkslfdgnasdfjkgbndfjksgnjlsdkngjdksngjklsdfngjkl;dsfgnbjksdfngjkslfdgnasdfjkgbndfjksgnjlsdkngjdksngjklsdfngjkl;dsfgnbjksdfngjkslfdgnasdfjkgbndfjksgnjlsdkngjdksngjklsdfngjkl;dsfgnbjksdfngjkslfdgnasdfjkgbndfjksgnjlsdkngjdksngjklsdfngjkl;dsfgnbjksdfngjkslfdgnasdfjkgbndfjksgnjlsdkngjdksngjklsdfngjkl;dsfgnbjksdfngjkslfdgnasdfjkgbndfjksgnjlsdkngjdksngjklsdfngjkl;dsfgnbjksdfngjkslfdgnasdfjkgbndfjksgnjlsdkngjdksngjklsdfngjkl;dsfgnbjksdfngjkslfdgnasdfjkgbndfjksgnjlsdkngjdksngjklsdfngjkl;dsfgnbjksdfngjkslfdgnasdfjkgbndfjksgnjlsdkngjdksngjklsdfngjkl;dsfgnbjksdfngjkslfdgnasdfjkgbndfjksgnjlsdkngjdksngjklsdfngjkl;dsfgnbjksdfngjkslfdgnasdfjkgbndfjksgnjlsdkngjdksngjklsdfngjkl;dsfgnbjksdfngjkslfdgnasdfjkgbndfjksgnjlsdkngjdksngjklsdfngjkl;dsfgnbjksdfngjkslfdgnasdfjkgbndfjksgnjlsdkngjdksngjklsdfngjkl;dsfgnbjksdfngjkslfdgnasdfjkgbndfjksgnjlsdkngjdksngjklsdfngjkl;dsfgnbjksdfngjkslfdgnasdfjkgbndfjksgnjlsdkngjdksngjklsdfngjkl;dsfgnbjksdfngjkslfdgnasdfjkgbndfjksgnjlsdkngjdksngjklsdfngjkl;dsfgnbjksdfngjkslfdgnasdfjkgbndfjksgnjlsdkngjdksngjklsdfngjkl;dsfgnbjksdfngjkslfdgnasdfjkgbndfjksgnjlsdkngjdksngjklsdfngjkl;dsfgnbjksdfngjkslfdgnasdfjkgbndfjksgnjlsdkngjdksngjklsdfngjkl;dsfgnbjksdfngjkslfdgnasdfjkgbndfjksgnjlsdkngjdksngjklsdfngjkl;dsfgnbjksdfngjkslfdgnasdfjkgbndfjksgnjlsdkngjdksngjklsdfngjkl;dsfgnbjksdfngjkslfdgnasdfjkgbndfjksgnjlsdkngjdksngjklsdfngjkl;dsfgnbjksdfngjkslfdgnasdfjkgbndfjksgnjlsdkngjdksngjklsdfngjkl;dsfgnbjksdfngjkslfdgnasdfjkgbndfjksgnjlsdkngjdksngjklsdfngjkl;dsfgnbjksdfngjkslfdgnasdfjkgbndfjksgnjlsdkngjdksngjklsdfngjkl;dsfgnbjksdfngjkslfdgnasdfjkgbndfjksgnjlsdkngjdksngjklsdfngjkl;dsfgnbjksdfngjkslfdgnasdfjkgbndfjksgnjlsdkngjdksngjklsdfngjkl;dsfgnbjksdfngjkslfdgnasdfjkgbndfjksgnjlsdkngjdksngjklsdfngjkl;dsfgnbjksdfngjkslfdgnasdfjkgbndfjksgnjlsdkngjdksngjklsdfngjkl;dsfgnbjksdfngjkslfdgnasdfjkgbndfjksgnjlsdkngjdksngjklsdfngjkl;dsfgnbjksdfngjkslfdgnasdfjkgbndfjksgnjlsdkngjdksngjklsdfngjkl;dsfgnbjksdfngjkslfdgnasdfjkgbndfjksgnjlsdkngjdksngjklsdfngjkl;dsfgnbjksdfngjkslfdgnasdfjkgbndfjksgnjlsdkngjdksngjklsdfngjkl;dsfgnbjksdfngjkslfdgnasdfjkgbndfjksgnjlsdkngjdksngjklsdfngjkl;dsfgnbjksdfngjkslfdgnasdfjkgbndfjksgnjlsdkngjdksngjklsdfngjkl;dsfgnbjksdfngjkslfdgnasdfjkgbndfjksgnjlsdkngjdksngjklsdfngjkl;dsfgnbjksdfngjkslfdgnasdfjkgbndfjksgnjlsdkngjdksngjklsdfngjkl;dsfgnbjksdfngjkslfdgnasdfjkgbndfjksgnjlsdkngjdksngjklsdfngjkl;dsfgnbjksdfngjkslfdgnasdfjkgbndfjksgnjlsdkngjdksngjklsdfngjkl;dsfgnbjksdfngjkslfdgnasdfjkgbndfjksgnjlsdkngjdksngjklsdfngjkl;dsfgnbjksdfngjkslfdgnasdfjkgbndfjksgnjlsdkngjdksngjklsdfngjkl;dsfgnbjksdfngjkslfdgnasdfjkgbndfjksgnjlsdkngjdksngjklsdfngjkl;dsfgnbjksdfngjkslfdgnasdfjkgbndfjksgnjlsdkngjdksngjklsdfngjkl;dsfgnbjksdfngjkslfdgnasdfjkgbndfjksgnjlsdkngjdksngjklsdfngjkl;dsfgnbjksdfngjkslfdgnasdfjkgbndfjksgnjlsdkngjdksngjklsdfngjkl;dsfgnbjksdfngjkslfdgnasdfjkgbndfjksgnjlsdkngjdksngjklsdfngjkl;dsfgnbjksdfngjkslfdgnasdfjkgbndfjksgnjlsdkngjdksngjklsdfngjkl;dsfgnbjksdfngjkslfdgnasdfjkgbndfjksgnjlsdkngjdksngjklsdfngjkl;dsfgnbjksdfngjkslfdgnasdfjkgbndfjksgnjlsdkngjdksngjklsdfngjkl;dsfgnbjksdfngjkslfdgnasdfjkgbndfjksgnjlsdkngjdksngjklsdfngjkl;dsfgnbjksdfngjkslfdgnasdfjkgbndfjksgnjlsdkngjdksngjklsdfngjkl;dsfgnbjksdfngjkslfdgnasdfjkgbndfjksgnjlsdkngjdksngjklsdfngjkl;dsfgnbjksdfngjkslfdgnasdfjkgbndfjksgnjlsdkngjdksngjklsdfngjkl;dsfgnbjksdfngjkslfdgnasdfjkgbndfjksgnjlsdkngjdksngjklsdfngjkl;dsfgnbjksdfngjkslfdgnasdfjkgbndfjksgnjlsdkngjdksngjklsdfngjkl;dsfgnbjksdfngjkslfdgnasdfjkgbndfjksgnjlsdkngjdksngjklsdfngjkl;dsfgnbjksdfngjkslfdgnasdfjkgbndfjksgnjlsdkngjdksngjklsdfngjkl;dsfgnbjksdfngjkslfdgnasdfjkgbndfjksgnjlsdkngjdksngjklsdfngjkl;dsfgnbjksdfngjkslfdgnasdfjkgbndfjksgnjlsdkngjdksngjklsdfngjkl;dsfgnbjksdfngjkslfdgnasdfjkgbndfjksgnjlsdkngjdksngjklsdfngjkl;dsfgnbjksdfngjkslfdgnasdfjkgbndfjksgnjlsdkngjdksngjklsdfngjkl;dsfgnbjksdfngjkslfdgnasdfjkgbndfjksgnjlsdkngjdksngjklsdfngjkl;dsfgnbjksdfngjkslfdgnasdfjkgbndfjksgnjlsdkngjdksngjklsdfngjkl;dsfgnbjksdfngjkslfdgnasdfjkgbndfjksgnjlsdkngjdksngjklsdfngjkl;dsfgnbjksdfngjkslfdgnasdfjkgbndfjksgnjlsdkngjdksngjklsdfngjkl;dsfgnbjksdfngjkslfdgnasdfjkgbndfjksgnjlsdkngjdksngjklsdfngjkl;dsfgnbjksdfngjkslfdgnasdfjkgbndfjksgnjlsdkngjdksngjklsdfngjkl;dsfgnbjksdfngjkslfdgnasdfjkgbndfjksgnjlsdkngjdksngjklsdfngjkl;dsfgnbjksdfngjkslfdgnasdfjkgbndfjksgnjlsdkngjdksngjklsdfngjkl;dsfgnbjksdfngjkslfdgnasdfjkgbndfjksgnjlsdkngjdksngjklsdfngjkl;dsfgnbjksdfngjkslfdgnasdfjkgbndfjksgnjlsdkngjdksngjklsdfngjkl;dsfgnbjksdfngjkslfdgnasdfjkgbndfjksgnjlsdkngjdksngjklsdfngjkl;dsfgnbjksdfngjkslfdgnasdfjkgbndfjksgnjlsdkngjdksngjklsdfngjkl;dsfgnbjksdfngjkslfdgnasdfjkgbndfjksgnjlsdkngjdksngjklsdfngjkl;dsfgnbjksdfngjkslfdgnasdfjkgbndfjksgnjlsdkngjdksngjklsdfngjkl;dsfgnbjksdfngjkslfdgnasdfjkgbndfjksgnjlsdkngjdksngjklsdfngjkl;dsfgnbjksdfngjkslfdgnasdfjkgbndfjksgnjlsdkngjdksngjklsdfngjkl;dsfgnbjksdfngjkslfdgnasdfjkgbndfjksgnjlsdkngjdksngjklsdfngjkl;dsfgnbjksdfngjkslfdgnasdfjkgbndfjksgnjlsdkngjdksngjklsdfngjkl;dsfgnbjksdfngjkslfdgnasdfjkgbndfjksgnjlsdkngjdksngjklsdfngjkl;dsfgnbjksdfngjkslfdgnasdfjkgbndfjksgnjlsdkngjdksngjklsdfngjkl;dsfgnbjksdfngjkslfdgnasdfjkgbndfjksgnjlsdkngjdksngjklsdfngjkl;dsfgnbjksdfngjkslfdgnasdfjkgbndfjksgnjlsdkngjdksngjklsdfngjkl;dsfgnbjksdfngjkslfdgnasdfjkgbndfjksgnjlsdkngjdksngjklsdfngjkl;dsfgnbjksdfngjkslfdgnasdfjkgbndfjksgnjlsdkngjdksngjklsdfngjkl;dsfgnbjksdfngjkslfdgnasdfjkgbndfjksgnjlsdkngjdksngjklsdfngjkl;dsfgnbjksdfngjkslfdgnasdfjkgbndfjksgnjlsdkngjdksngjklsdfngjkl;dsfgnbjksdfngjkslfdgnasdfjkgbndfjksgnjlsdkngjdksngjklsdfngjkl;dsfgnbjksdfngjkslfdgnasdfjkgbndfjksgnjlsdkngjdksngjklsdfngjkl;dsfgnbjksdfngjkslfdgnasdfjkgbndfjksgnjlsdkngjdksngjklsdfngjkl;dsfgnbjksdfngjkslfdgnasdfjkgbndfjksgnjlsdkngjdksngjklsdfngjkl;dsfgnbjksdfngjkslfdgnasdfjkgbndfjksgnjlsdkngjdksngjklsdfngjkl;dsfgnbjksdfngjkslfdgnasdfjkgbndfjksgnjlsdkngjdksngjklsdfngjkl;dsfgnbjksdfngjkslfdgnasdfjkgbndfjksgnjlsdkngjdksngjklsdfngjkl;dsfgnbjksdfngjkslfdgnasdfjkgbndfjksgnjlsdkngjdksngjklsdfngjkl;dsfgnbjksdfngjkslfdgnasdfjkgbndfjksgnjlsdkngjdksngjklsdfngjkl;dsfgnbjksdfngjkslfdgnasdfjkgbndfjksgnjlsdkngjdksngjklsdfngjkl;dsfgnbjksdfngjkslfdgnasdfjkgbndfjksgnjlsdkngjdksngjklsdfngjkl;dsfgnbjksdfngjkslfdgnasdfjkgbndfjksgnjlsdkngjdksngjklsdfngjkl;dsfgnbjksdfngjkslfdgnasdfjkgbndfjksgnjlsdkngjdksngjklsdfngjkl;dsfgnbjksdfngjkslfdgnasdfjkgbndfjksgnjlsdkngjdksngjklsdfngjkl;dsfgnbjksdfngjkslfdgnasdfjkgbndfjksgnjlsdkngjdksngjklsdfngjkl;dsfgnbjksdfngjkslfdgnasdfjkgbndfjksgnjlsdkngjdksngjklsdfngjkl;dsfgnbjksdfngjkslfdgnasdfjkgbndfjksgnjlsdkngjdksngjklsdfngjkl;dsfgnbjksdfngjkslfdgnasdfjkgbndfjksgnjlsdkngjdksngjklsdfngjkl;dsfgnbjksdfngjkslfdgnasdfjkgbndfjksgnjlsdkngjdksngjklsdfngjkl;dsfgnbjksdfngjkslfdgnasdfjkgbndfjksgnjlsdkngjdksngjklsdfngjkl;dsfgnbjksdfngjkslfdgnasdfjkgbndfjksgnjlsdkngjdksngjklsdfngjkl;dsfgnbjksdfngjkslfdgnasdfjkgbndfjksgnjlsdkngjdksngjklsdfngjkl;dsfgnbjksdfngjkslfdgnasdfjkgbndfjksgnjlsdkngjdksngjklsdfngjkl;dsfgnbjksdfngjkslfdgnasdfjkgbndfjksgnjlsdkngjdksngjklsdfngjkl;dsfgnbjksdfngjkslfdgnasdfjkgbndfjksgnjlsdkngjdksngjklsdfngjkl;dsfgnbjksdfngjkslfdgnasdfjkgbndfjksgnjlsdkngjdksngjklsdfngjkl;dsfgnbjksdfngjkslfdgnasdfjkgbndfjksgnjlsdkngjdksngjklsdfngjkl;dsfgnbjksdfngjkslfdgnasdfjkgbndfjksgnjlsdkngjdksngjklsdfngjkl;dsfgnbjksdfngjkslfdgnasdfjkgbndfjksgnjlsdkngjdksngjklsdfngjkl;dsfgnbjksdfngjkslfdgnasdfjkgbndfjksgnjlsdkngjdksngjklsdfngjkl;dsfgnbjksdfngjkslfdgnasdfjkgbndfjksgnjlsdkngjdksngjklsdfngjkl;dsfgnbjksdfngjkslfdgnasdfjkgbndfjksgnjlsdkngjdksngjklsdfngjkl;dsfgnbjksdfngjkslfdgnasdfjkgbndfjksgnjlsdkngjdksngjklsdfngjkl;dsfgnbjksdfngjkslfdgnasdfjkgbndfjksgnjlsdkngjdksngjklsdfngjkl;dsfgnbjksdfngjkslfdgnasdfjkgbndfjksgnjlsdkngjdksngjklsdfngjkl;dsfgnbjksdfngjkslfdgnasdfjkgbndfjksgnjlsdkngjdksngjklsdfngjkl;dsfgnbjksdfngjkslfdgnasdfjkgbndfjksgnjlsdkngjdksngjklsdfngjkl;dsfgnbjksdfngjkslfdgnasdfjkgbndfjksgnjlsdkngjdksngjklsdfngjkl;dsfgnbjksdfngjkslfdgnasdfjkgbndfjksgnjlsdkngjdksngjklsdfngjkl;dsfgnbjksdfngjkslfdgnasdfjkgbndfjksgnjlsdkngjdksngjklsdfngjkl;dsfgnbjksdfngjkslfdgnasdfjkgbndfjksgnjlsdkngjdksngjklsdfngjkl;dsfgnbjksdfngjkslfdgnasdfjkgbndfjksgnjlsdkngjdksngjklsdfngjkl;dsfgnbjksdfngjkslfdgnasdfjkgbndfjksgnjlsdkngjdksngjklsdfngjkl;dsfgnbjksdfngjkslfdgnasdfjkgbndfjksgnjlsdkngjdksngjklsdfngjkl;dsfgnbjksdfngjkslfdgnasdfjkgbndfjksgnjlsdkngjdksngjklsdfngjkl;dsfgnbjksdfngjkslfdgnasdfjkgbndfjksgnjlsdkngjdksngjklsdfngjkl;dsfgnbjksdfngjkslfdgnasdfjkgbndfjksgnjlsdkngjdksngjklsdfngjkl;dsfgnbjksdfngjkslfdgnasdfjkgbndfjksgnjlsdkngjdksngjklsdfngjkl;dsfgnbjksdfngjkslfdgnasdfjkgbndfjksgnjlsdkngjdksngjklsdfngjkl;dsfgnbjksdfngjkslfdgnasdfjkgbndfjksgnjlsdkngjdksngjklsdfngjkl;dsfgnbjksdfngjkslfdgnasdfjkgbndfjksgnjlsdkngjdksngjklsdfngjkl;dsfgnbjksdfngjkslfdgnasdfjkgbndfjksgnjlsdkngjdksngjklsdfngjkl;dsfgnbjksdfngjkslfdgnasdfjkgbndfjksgnjlsdkngjdksngjklsdfngjkl;dsfgnbjksdfngjkslfdgnasdfjkgbndfjksgnjlsdkngjdksngjklsdfngjkl;dsfgnbjksdfngjkslfdgnasdfjkgbndfjksgnjlsdkngjdksngjklsdfngjkl;dsfgnbjksdfngjkslfdgnasdfjkgbndfjksgnjlsdkngjdksngjklsdfngjkl;dsfgnbjksdfngjkslfdgnasdfjkgbndfjksgnjlsdkngjdksngjklsdfngjkl;dsfgnbjksdfngjkslfdgnasdfjkgbndfjksgnjlsdkngjdksngjklsdfngjkl;dsfgnbjksdfngjkslfdgnasdfjkgbndfjksgnjlsdkngjdksngjklsdfngjkl;dsfgnbjksdfngjkslfdgnasdfjkgbndfjksgnjlsdkngjdksngjklsdfngjkl;dsfgnbjksdfngjkslfdgnasdfjkgbndfjksgnjlsdkngjdksngjklsdfngjkl;dsfgnbjksdfngjkslfdgnasdfjkgbndfjksgnjlsdkngjdksngjklsdfngjkl;dsfgnbjksdfngjkslfdgnasdfjkgbndfjksgnjlsdkngjdksngjklsdfngjkl;dsfgnbjksdfngjkslfdgnasdfjkgbndfjksgnjlsdkngjdksngjklsdfngjkl;dsfgnbjksdfngjkslfdgnasdfjkgbndfjksgnjlsdkngjdksngjklsdfngjkl;dsfgnbjksdfngjkslfdgnasdfjkgbndfjksgnjlsdkngjdksngjklsdfngjkl;dsfgnbjksdfngjkslfdgnasdfjkgbndfjksgnjlsdkngjdksngjklsdfngjkl;dsfgnbjksdfngjkslfdgnasdfjkgbndfjksgnjlsdkngjdksngjklsdfngjkl;dsfgnbjksdfngjkslfdgnasdfjkgbndfjksgnjlsdkngjdksngjklsdfngjkl;dsfgnbjksdfngjkslfdgnasdfjkgbndfjksgnjlsdkngjdksngjklsdfngjkl;dsfgnbjksdfngjkslfdgnasdfjkgbndfjksgnjlsdkngjdksngjklsdfngjkl;dsfgnbjksdfngjkslfdgnasdfjkgbndfjksgnjlsdkngjdksngjklsdfngjkl;dsfgnbjksdfngjkslfdgnasdfjkgbndfjksgnjlsdkngjdksngjklsdfngjkl;dsfgnbjksdfngjkslfdgnasdfjkgbndfjksgnjlsdkngjdksngjklsdfngjkl;dsfgnbjksdfngjkslfdgnasdfjkgbndfjksgnjlsdkngjdksngjklsdfngjkl;dsfgnbjksdfngjkslfdgnasdfjkgbndfjksgnjlsdkngjdksngjklsdfngjkl;dsfgnbjksdfngjkslfdgnasdfjkgbndfjksgnjlsdkngjdksngjklsdfngjkl;dsfgnbjksdfngjkslfdgnasdfjkgbndfjksgnjlsdkngjdksngjklsdfngjkl;dsfgnbjksdfngjkslfdgnasdfjkgbndfjksgnjlsdkngjdksngjklsdfngjkl;dsfgnbjksdfngjkslfdgnasdfjkgbndfjksgnjlsdkngjdksngjklsdfngjkl;dsfgnbjksdfngjkslfdgnasdfjkgbndfjksgnjlsdkngjdksngjklsdfngjkl;dsfgnbjksdfngjkslfdgnasdfjkgbndfjksgnjlsdkngjdksngjklsdfngjkl;dsfgnbjksdfngjkslfdgnasdfjkgbndfjksgnjlsdkngjdksngjklsdfngjkl;dsfgnbjksdfngjkslfdgnasdfjkgbndfjksgnjlsdkngjdksngjklsdfngjkl;dsfgnbjksdfngjkslfdgnasdfjkgbndfjksgnjlsdkngjdksngjklsdfngjkl;dsfgnbjksdfngjkslfdgnasdfjkgbndfjksgnjlsdkngjdksngjklsdfngjkl;dsfgnbjksdfngjkslfdgnasdfjkgbndfjksgnjlsdkngjdksngjklsdfngjkl;dsfgnbjksdfngjkslfdgnasdfjkgbndfjksgnjlsdkngjdksngjklsdfngjkl;dsfgnbjksdfngjkslfdgnasdfjkgbndfjksgnjlsdkngjdksngjklsdfngjkl;dsfgnbjksdfngjkslfdgnasdfjkgbndfjksgnjlsdkngjdksngjklsdfngjkl;dsfgnbjksdfngjkslfdgnasdfjkgbndfjksgnjlsdkngjdksngjklsdfngjkl;dsfgnbjksdfngjkslfdgnasdfjkgbndfjksgnjlsdkngjdksngjklsdfngjkl;dsfgnbjksdfngjkslfdgnasdfjkgbndfjksgnjlsdkngjdksngjklsdfngjkl;dsfgnbjksdfngjkslfdgnasdfjkgbndfjksgnjlsdkngjdksngjklsdfngjkl;dsfgnbjksdfngjkslfdgnasdfjkgbndfjksgnjlsdkngjdksngjklsdfngjkl;dsfgnbjksdfngjkslfdgnasdfjkgbndfjksgnjlsdkngjdksngjklsdfngjkl;dsfgnbjksdfngjkslfdgnasdfjkgbndfjksgnjlsdkngjdksngjklsdfngjkl;dsfgnbjksdfngjkslfdgnasdfjkgbndfjksgnjlsdkngjdksngjklsdfngjkl;dsfgnbjksdfngjkslfdgnasdfjkgbndfjksgnjlsdkngjdksngjklsdfngjkl;dsfgnbjksdfngjkslfdgnasdfjkgbndfjksgnjlsdkngjdksngjklsdfngjkl;dsfgnbjksdfngjkslfdgnasdfjkgbndfjksgnjlsdkngjdksngjklsdfngjkl;dsfgnbjksdfngjkslfdgnasdfjkgbndfjksgnjlsdkngjdksngjklsdfngjkl;dsfgnbjksdfngjkslfdgnasdfjkgbndfjksgnjlsdkngjdksngjklsdfngjkl;dsfgnbjksdfngjkslfdgnasdfjkgbndfjksgnjlsdkngjdksngjklsdfngjkl;dsfgnbjksdfngjkslfdgnasdfjkgbndfjksgnjlsdkngjdksngjklsdfngjkl;dsfgnbjksdfngjkslfdgnasdfjkgbndfjksgnjlsdkngjdksngjklsdfngjkl;dsfgnbjksdfngjkslfdgnasdfjkgbndfjksgnjlsdkngjdksngjklsdfngjkl;dsfgnbjksdfngjkslfdgnasdfjkgbndfjksgnjlsdkngjdksngjklsdfngjkl;dsfgnbjksdfngjkslfdgnasdfjkgbndfjksgnjlsdkngjdksngjklsdfngjkl;dsfgnbjksdfngjkslfdgnasdfjkgbndfjksgnjlsdkngjdksngjklsdfngjkl;dsfgnbjksdfngjkslfdgnasdfjkgbndfjksgnjlsdkngjdksngjklsdfngjkl;dsfgnbjksdfngjkslfdgnasdfjkgbndfjksgnjlsdkngjdksngjklsdfngjkl;dsfgnbjksdfngjkslfdgnasdfjkgbndfjksgnjlsdkngjdksngjklsdfngjkl;dsfgnbjksdfngjkslfdgnasdfjkgbndfjksgnjlsdkngjdksngjklsdfngjkl;dsfgnbjksdfngjkslfdgnasdfjkgbndfjksgnjlsdkngjdksngjklsdfngjkl;dsfgnbjksdfngjkslfdgnasdfjkgbndfjksgnjlsdkngjdksngjklsdfngjkl;dsfgnbjksdfngjkslfdgnasdfjkgbndfjksgnjlsdkngjdksngjklsdfngjkl;dsfgnbjksdfngjkslfdgnasdfjkgbndfjksgnjlsdkngjdksngjklsdfngjkl;dsfgnbjksdfngjkslfdgnasdfjkgbndfjksgnjlsdkngjdksngjklsdfngjkl;dsfgnbjksdfngjkslfdgnasdfjkgbndfjksgnjlsdkngjdksngjklsdfngjkl;dsfgnbjksdfngjkslfdgnasdfjkgbndfjksgnjlsdkngjdksngjklsdfngjkl;dsfgnbjksdfngjkslfdgnasdfjkgbndfjksgnjlsdkngjdksngjklsdfngjkl;dsfgnbjksdfngjkslfdgnasdfjkgbndfjksgnjlsdkngjdksngjklsdfngjkl;dsfgnbjksdfngjkslfdgnasdfjkgbndfjksgnjlsdkngjdksngjklsdfngjkl;dsfgnbjksdfngjkslfdgnasdfjkgbndfjksgnjlsdkngjdksngjklsdfngjkl;dsfgnbjksdfngjkslfdgnasdfjkgbndfjksgnjlsdkngjdksngjklsdfngjkl;dsfgnbjksdfngjkslfdgnasdfjkgbndfjksgnjlsdkngjdksngjklsdfngjkl;dsfgnbjksdfngjkslfdgnasdfjkgbndfjksgnjlsdkngjdksngjklsdfngjkl;dsfgnbjksdfngjkslfdgnasdfjkgbndfjksgnjlsdkngjdksngjklsdfngjkl;dsfgnbjksdfngjkslfdgnasdfjkgbndfjksgnjlsdkngjdksngjklsdfngjkl;dsfgnbjksdfngjkslfdgnasdfjkgbndfjksgnjlsdkngjdksngjklsdfngjkl;dsfgnbjksdfngjkslfdgnasdfjkgbndfjksgnjlsdkngjdksngjklsdfngjkl;dsfgnbjksdfngjkslfdgnasdfjkgbndfjksgnjlsdkngjdksngjklsdfngjkl;dsfgnbjksdfngjkslfdgnasdfjkgbndfjksgnjlsdkngjdksngjklsdfngjkl;dsfgnbjksdfngjkslfdgnasdfjkgbndfjksgnjlsdkngjdksngjklsdfngjkl;dsfgnbjksdfngjkslfdgnasdfjkgbndfjksgnjlsdkngjdksngjklsdfngjkl;dsfgnbjksdfngjkslfdgnasdfjkgbndfjksgnjlsdkngjdksngjklsdfngjkl;dsfgnbjksdfngjkslfdgnasdfjkgbndfjksgnjlsdkngjdksngjklsdfngjkl;dsfgnbjksdfngjkslfdgnasdfjkgbndfjksgnjlsdkngjdksngjklsdfngjkl;dsfgnbjksdfngjkslfdgnasdfjkgbndfjksgnjlsdkngjdksngjklsdfngjkl;dsfgnbjksdfngjkslfdgnasdfjkgbndfjksgnjlsdkngjdksngjklsdfngjkl;dsfgnbjksdfngjkslfdgnasdfjkgbndfjksgnjlsdkngjdksngjklsdfngjkl;dsfgnbjksdfngjkslfdgnasdfjkgbndfjksgnjlsdkngjdksngjklsdfngjkl;dsfgnbjksdfngjkslfdgnasdfjkgbndfjksgnjlsdkngjdksngjklsdfngjkl;dsfgnbjksdfngjkslfdgnasdfjkgbndfjksgnjlsdkngjdksngjklsdfngjkl;dsfgnbjksdfngjkslfdgnasdfjkgbndfjksgnjlsdkngjdksngjklsdfngjkl;dsfgnbjksdfngjkslfdgnasdfjkgbndfjksgnjlsdkngjdksngjklsdfngjkl;dsfgnbjksdfngjkslfdgnasdfjkgbndfjksgnjlsdkngjdksngjklsdfngjkl;dsfgnbjksdfngjkslfdgnasdfjkgbndfjksgnjlsdkngjdksngjklsdfngjkl;dsfgnbjksdfngjkslfdgnasdfjkgbndfjksgnjlsdkngjdksngjklsdfngjkl;dsfgnbjksdfngjkslfdgnasdfjkgbndfjksgnjlsdkngjdksngjklsdfngjkl;dsfgnbjksdfngjkslfdgnasdfjkgbndfjksgnjlsdkngjdksngjklsdfngjkl;dsfgnbjksdfngjkslfdgnasdfjkgbndfjksgnjlsdkngjdksngjklsdfngjkl;dsfgnbjksdfngjkslfdgnasdfjkgbndfjksgnjlsdkngjdksngjklsdfngjkl;dsfgnbjksdfngjkslfdgnasdfjkgbndfjksgnjlsdkngjdksngjklsdfngjkl;dsfgnbjksdfngjkslfdgnasdfjkgbndfjksgnjlsdkngjdksngjklsdfngjkl;dsfgnbjksdfngjkslfdgnasdfjkgbndfjksgnjlsdkngjdksngjklsdfngjkl;dsfgnbjksdfngjkslfdgnasdfjkgbndfjksgnjlsdkngjdksngjklsdfngjkl;dsfgnbjksdfngjkslfdgnasdfjkgbndfjksgnjlsdkngjdksngjklsdfngjkl;dsfgnbjksdfngjkslfdgnasdfjkgbndfjksgnjlsdkngjdksngjklsdfngjkl;dsfgnbjksdfngjkslfdgnasdfjkgbndfjksgnjlsdkngjdksngjklsdfngjkl;dsfgnbjksdfngjkslfdgnasdfjkgbndfjksgnjlsdkngjdksngjklsdfngjkl;dsfgnbjksdfngjkslfdgnasdfjkgbndfjksgnjlsdkngjdksngjklsdfngjkl;dsfgnbjksdfngjkslfdgnasdfjkgbndfjksgnjlsdkngjdksngjklsdfngjkl;dsfgnbjksdfngjkslfdgnasdfjkgbndfjksgnjlsdkngjdksngjklsdfngjkl;dsfgnbjksdfngjkslfdgnasdfjkgbndfjksgnjlsdkngjdksngjklsdfngjkl;dsfgnbjksdfngjkslfdgnasdfjkgbndfjksgnjlsdkngjdksngjklsdfngjkl;dsfgnbjksdfngjkslfdgnasdfjkgbndfjksgnjlsdkngjdksngjklsdfngjkl;dsfgnbjksdfngjkslfdgnasdfjkgbndfjksgnjlsdkngjdksngjklsdfngjkl;dsfgnbjksdfngjkslfdgnasdfjkgbndfjksgnjlsdkngjdksngjklsdfngjkl;dsfgnbjksdfngjkslfdgnasdfjkgbndfjksgnjlsdkngjdksngjklsdfngjkl;dsfgnbjksdfngjkslfdgnasdfjkgbndfjksgnjlsdkngjdksngjklsdfngjkl;dsfgnbjksdfngjkslfdgnasdfjkgbndfjksgnjlsdkngjdksngjklsdfngjkl;dsfgnbjksdfngjkslfdgnasdfjkgbndfjksgnjlsdkngjdksngjklsdfngjkl;dsfgnbjksdfngjkslfdgnasdfjkgbndfjksgnjlsdkngjdksngjklsdfngjkl;dsfgnbjksdfngjkslfdgnasdfjkgbndfjksgnjlsdkngjdksngjklsdfngjkl;dsfgnbjksdfngjkslfdgnasdfjkgbndfjksgnjlsdkngjdksngjklsdfngjkl;dsfgnbjksdfngjkslfdgnasdfjkgbndfjksgnjlsdkngjdksngjklsdfngjkl;dsfgnbjksdfngjkslfdgnasdfjkgbndfjksgnjlsdkngjdksngjklsdfngjkl;dsfgnbjksdfngjkslfdgnasdfjkgbndfjksgnjlsdkngjdksngjklsdfngjkl;dsfgnbjksdfngjkslfdgnasdfjkgbndfjksgnjlsdkngjdksngjklsdfngjkl;dsfgnbjksdfngjkslfdgnasdfjkgbndfjksgnjlsdkngjdksngjklsdfngjkl;dsfgnbjksdfngjkslfdgnasdfjkgbndfjksgnjlsdkngjdksngjklsdfngjkl;dsfgnbjksdfngjkslfdgnasdfjkgbndfjksgnjlsdkngjdksngjklsdfngjkl;dsfgnbjksdfngjkslfdgnasdfjkgbndfjksgnjlsdkngjdksngjklsdfngjkl;dsfgnbjksdfngjkslfdgnasdfjkgbndfjksgnjlsdkngjdksngjklsdfngjkl;dsfgnbjksdfngjkslfdgnasdfjkgbndfjksgnjlsdkngjdksngjklsdfngjkl;dsfgnbjksdfngjkslfdgnasdfjkgbndfjksgnjlsdkngjdksngjklsdfngjkl;dsfgnbjksdfngjkslfdgnasdfjkgbndfjksgnjlsdkngjdksngjklsdfngjkl;dsfgnbjksdfngjkslfdgnasdfjkgbndfjksgnjlsdkngjdksngjklsdfngjkl;dsfgnbjksdfngjkslfdgnasdfjkgbndfjksgnjlsdkngjdksngjklsdfngjkl;dsfgnbjksdfngjkslfdgnasdfjkgbndfjksgnjlsdkngjdksngjklsdfngjkl;dsfgnbjksdfngjkslfdgnasdfjkgbndfjksgnjlsdkngjdksngjklsdfngjkl;dsfgnbjksdfngjkslfdgnasdfjkgbndfjksgnjlsdkngjdksngjklsdfngjkl;dsfgnbjksdfngjkslfdgnasdfjkgbndfjksgnjlsdkngjdksngjklsdfngjkl;dsfgnbjksdfngjkslfdgnasdfjkgbndfjksgnjlsdkngjdksngjklsdfngjkl;dsfgnbjksdfngjkslfdgnasdfjkgbndfjksgnjlsdkngjdksngjklsdfngjkl;dsfgnbjksdfngjkslfdgnasdfjkgbndfjksgnjlsdkngjdksngjklsdfngjkl;dsfgnbjksdfngjkslfdgnasdfjkgbndfjksgnjlsdkngjdksngjklsdfngjkl;dsfgnbjksdfngjkslfdgnasdfjkgbndfjksgnjlsdkngjdksngjklsdfngjkl;dsfgnbjksdfngjkslfdgnasdfjkgbndfjksgnjlsdkngjdksngjklsdfngjkl;dsfgnbjksdfngjkslfdgnasdfjkgbndfjksgnjlsdkngjdksngjklsdfngjkl;dsfgnbjksdfngjkslfdgnasdfjkgbndfjksgnjlsdkngjdksngjklsdfngjkl;dsfgnbjksdfngjkslfdgnasdfjkgbndfjksgnjlsdkngjdksngjklsdfngjkl;dsfgnbjksdfngjkslfdgnasdfjkgbndfjksgnjlsdkngjdksngjklsdfngjkl;dsfgnbjksdfngjkslfdgnasdfjkgbndfjksgnjlsdkngjdksngjklsdfngjkl;dsfgnbjksdfngjkslfdgnasdfjkgbndfjksgnjlsdkngjdksngjklsdfngjkl;dsfgnbjksdfngjkslfdgnasdfjkgbndfjksgnjlsdkngjdksngjklsdfngjkl;dsfgnbjksdfngjkslfdgnasdfjkgbndfjksgnjlsdkngjdksngjklsdfngjkl;dsfgnbjksdfngjkslfdgnasdfjkgbndfjksgnjlsdkngjdksngjklsdfngjkl;dsfgnbjksdfngjkslfdgnasdfjkgbndfjksgnjlsdkngjdksngjklsdfngjkl;dsfgnbjksdfngjkslfdgnasdfjkgbndfjksgnjlsdkngjdksngjklsdfngjkl;dsfgnbjksdfngjkslfdgnasdfjkgbndfjksgnjlsdkngjdksngjklsdfngjkl;dsfgnbjksdfngjkslfdgnasdfjkgbndfjksgnjlsdkngjdksngjklsdfngjkl;dsfgnbjksdfngjkslfdgnasdfjkgbndfjksgnjlsdkngjdksngjklsdfngjkl;dsfgnbjksdfngjkslfdgnasdfjkgbndfjksgnjlsdkngjdksngjklsdfngjkl;dsfgnbjksdfngjkslfdgnasdfjkgbndfjksgnjlsdkngjdksngjklsdfngjkl;dsfgnbjksdfngjkslfdgnasdfjkgbndfjksgnjlsdkngjdksngjklsdfngjkl;dsfgnbjksdfngjkslfdgnasdfjkgbndfjksgnjlsdkngjdksngjklsdfngjkl;dsfgnbjksdfngjkslfdgnasdfjkgbndfjksgnjlsdkngjdksngjklsdfngjkl;dsfgnbjksdfngjkslfdgnasdfjkgbndfjksgnjlsdkngjdksngjklsdfngjkl;dsfgnbjksdfngjkslfdgnasdfjkgbndfjksgnjlsdkngjdksngjklsdfngjkl;dsfgnbjksdfngjkslfdgnasdfjkgbndfjksgnjlsdkngjdksngjklsdfngjkl;dsfgnbjksdfngjkslfdgnasdfjkgbndfjksgnjlsdkngjdksngjklsdfngjkl;dsfgnbjksdfngjkslfdgnasdfjkgbndfjksgnjlsdkngjdksngjklsdfngjkl;dsfgnbjksdfngjkslfdgnasdfjkgbndfjksgnjlsdkngjdksngjklsdfngjkl;dsfgnbjksdfngjkslfdgnasdfjkgbndfjksgnjlsdkngjdksngjklsdfngjkl;dsfgnbjksdfngjkslfdgnasdfjkgbndfjksgnjlsdkngjdksngjklsdfngjkl;dsfgnbjksdfngjkslfdgnasdfjkgbndfjksgnjlsdkngjdksngjklsdfngjkl;dsfgnbjksdfngjkslfdgnasdfjkgbndfjksgnjlsdkngjdksngjklsdfngjkl;dsfgnbjksdfngjkslfdgnasdfjkgbndfjksgnjlsdkngjdksngjklsdfngjkl;dsfgnbjksdfngjkslfdgnasdfjkgbndfjksgnjlsdkngjdksngjklsdfngjkl;dsfgnbjksdfngjkslfdgnasdfjkgbndfjksgnjlsdkngjdksngjklsdfngjkl;dsfgnbjksdfngjkslfdgnasdfjkgbndfjksgnjlsdkngjdksngjklsdfngjkl;dsfgnbjksdfngjkslfdgnasdfjkgbndfjksgnjlsdkngjdksngjklsdfngjkl;dsfgnbjksdfngjkslfdgnasdfjkgbndfjksgnjlsdkngjdksngjklsdfngjkl;dsfgnbjksdfngjkslfdgnasdfjkgbndfjksgnjlsdkngjdksngjklsdfngjkl;dsfgnbjksdfngjkslfdgnasdfjkgbndfjksgnjlsdkngjdksngjklsdfngjkl;dsfgnbjksdfngjkslfdgnasdfjkgbndfjksgnjlsdkngjdksngjklsdfngjkl;dsfgnbjksdfngjkslfdgnasdfjkgbndfjksgnjlsdkngjdksngjklsdfngjkl;dsfgnbjksdfngjkslfdgnasdfjkgbndfjksgnjlsdkngjdksngjklsdfngjkl;dsfgnbjksdfngjkslfdgnasdfjkgbndfjksgnjlsdkngjdksngjklsdfngjkl;dsfgnbjksdfngjkslfdgnasdfjkgbndfjksgnjlsdkngjdksngjklsdfngjkl;dsfgnbjksdfngjkslfdgnasdfjkgbndfjksgnjlsdkngjdksngjklsdfngjkl;dsfgnbjksdfngjkslfdgnasdfjkgbndfjksgnjlsdkngjdksngjklsdfngjkl;dsfgnbjksdfngjkslfdgnasdfjkgbndfjksgnjlsdkngjdksngjklsdfngjkl;dsfgnbjksdfngjkslfdgnasdfjkgbndfjksgnjlsdkngjdksngjklsdfngjkl;dsfgnbjksdfngjkslfdgnasdfjkgbndfjksgnjlsdkngjdksngjklsdfngjkl;dsfgnbjksdfngjkslfdgnasdfjkgbndfjksgnjlsdkngjdksngjklsdfngjkl;dsfgnbjksdfngjkslfdgnasdfjkgbndfjksgnjlsdkngjdksngjklsdfngjkl;dsfgnbjksdfngjkslfdgnasdfjkgbndfjksgnjlsdkngjdksngjklsdfngjkl;dsfgnbjksdfngjkslfdgnasdfjkgbndfjksgnjlsdkngjdksngjklsdfngjkl;dsfgnbjksdfngjkslfdgnasdfjkgbndfjksgnjlsdkngjdksngjklsdfngjkl;dsfgnbjksdfngjkslfdgnasdfjkgbndfjksgnjlsdkngjdksngjklsdfngjkl;dsfgnbjksdfngjkslfdgnasdfjkgbndfjksgnjlsdkngjdksngjklsdfngjkl;dsfgnbjksdfngjkslfdgnasdfjkgbndfjksgnjlsdkngjdksngjklsdfngjkl;dsfgnbjksdfngjkslfdgnasdfjkgbndfjksgnjlsdkngjdksngjklsdfngjkl;dsfgnbjksdfngjkslfdgnasdfjkgbndfjksgnjlsdkngjdksngjklsdfngjkl;dsfgnbjksdfngjkslfdgnasdfjkgbndfjksgnjlsdkngjdksngjklsdfngjkl;dsfgnbjksdfngjkslfdgnasdfjkgbndfjksgnjlsdkngjdksngjklsdfngjkl;dsfgnbjksdfngjkslfdgnasdfjkgbndfjksgnjlsdkngjdksngjklsdfngjkl;dsfgnbjksdfngjkslfdgnasdfjkgbndfjksgnjlsdkngjdksngjklsdfngjkl;dsfgnbjksdfngjkslfdgnasdfjkgbndfjksgnjlsdkngjdksngjklsdfngjkl;dsfgnbjksdfngjkslfdgnasdfjkgbndfjksgnjlsdkngjdksngjklsdfngjkl;dsfgnbjksdfngjkslfdgnasdfjkgbndfjksgnjlsdkngjdksngjklsdfngjkl;dsfgnbjksdfngjkslfdgnasdfjkgbndfjksgnjlsdkngjdksngjklsdfngjkl;dsfgnbjksdfngjkslfdgnasdfjkgbndfjksgnjlsdkngjdksngjklsdfngjkl;dsfgnbjksdfngjkslfdgnasdfjkgbndfjksgnjlsdkngjdksngjklsdfngjkl;dsfgnbjksdfngjkslfdgnasdfjkgbndfjksgnjlsdkngjdksngjklsdfngjkl;dsfgnbjksdfngjkslfdgnasdfjkgbndfjksgnjlsdkngjdksngjklsdfngjkl;dsfgnbjksdfngjkslfdgnasdfjkgbndfjksgnjlsdkngjdksngjklsdfngjkl;dsfgnbjksdfngjkslfdgnasdfjkgbndfjksgnjlsdkngjdksngjklsdfngjkl;dsfgnbjksdfngjkslfdgnasdfjkgbndfjksgnjlsdkngjdksngjklsdfngjkl;dsfgnbjksdfngjkslfdgnasdfjkgbndfjksgnjlsdkngjdksngjklsdfngjkl;dsfgnbjksdfngjkslfdgnasdfjkgbndfjksgnjlsdkngjdksngjklsdfngjkl;dsfgnbjksdfngjkslfdgnasdfjkgbndfjksgnjlsdkngjdksngjklsdfngjkl;dsfgnbjksdfngjkslfdgnasdfjkgbndfjksgnjlsdkngjdksngjklsdfngjkl;dsfgnbjksdfngjkslfdgnasdfjkgbndfjksgnjlsdkngjdksngjklsdfngjkl;dsfgnbjksdfngjkslfdgnasdfjkgbndfjksgnjlsdkngjdksngjklsdfngjkl;dsfgnbjksdfngjkslfdgnasdfjkgbndfjksgnjlsdkngjdksngjklsdfngjkl;dsfgnbjksdfngjkslfdgnasdfjkgbndfjksgnjlsdkngjdksngjklsdfngjkl;dsfgnbjksdfngjkslfdgnasdfjkgbndfjksgnjlsdkngjdksngjklsdfngjkl;dsfgnbjksdfngjkslfdgnasdfjkgbndfjksgnjlsdkngjdksngjklsdfngjkl;dsfgnbjksdfngjkslfdgnasdfjkgbndfjksgnjlsdkngjdksngjklsdfngjkl;dsfgnbjksdfngjkslfdgnasdfjkgbndfjksgnjlsdkngjdksngjklsdfngjkl;dsfgnbjksdfngjkslfdgnasdfjkgbndfjksgnjlsdkngjdksngjklsdfngjkl;dsfgnbjksdfngjkslfdgnasdfjkgbndfjksgnjlsdkngjdksngjklsdfngjkl;dsfgnbjksdfngjkslfdgnasdfjkgbndfjksgnjlsdkngjdksngjklsdfngjkl;dsfgnbjksdfngjkslfdgnasdfjkgbndfjksgnjlsdkngjdksngjklsdfngjkl;dsfgnbjksdfngjkslfdgnasdfjkgbndfjksgnjlsdkngjdksngjklsdfngjkl;dsfgnbjksdfngjkslfdgnasdfjkgbndfjksgnjlsdkngjdksngjklsdfngjkl;dsfgnbjksdfngjkslfdgnasdfjkgbndfjksgnjlsdkngjdksngjklsdfngjkl;dsfgnbjksdfngjkslfdgnasdfjkgbndfjksgnjlsdkngjdksngjklsdfngjkl;dsfgnbjksdfngjkslfdgnasdfjkgbndfjksgnjlsdkngjdksngjklsdfngjkl;dsfgnbjksdfngjkslfdgnasdfjkgbndfjksgnjlsdkngjdksngjklsdfngjkl;dsfgnbjksdfngjkslfdgnasdfjkgbndfjksgnjlsdkngjdksngjklsdfngjkl;dsfgnbjksdfngjkslfdgnasdfjkgbndfjksgnjlsdkngjdksngjklsdfngjkl;dsfgnbjksdfngjkslfdgnasdfjkgbndfjksgnjlsdkngjdksngjklsdfngjkl;dsfgnbjksdfngjkslfdgnasdfjkgbndfjksgnjlsdkngjdksngjklsdfngjkl;dsfgnbjksdfngjkslfdgnasdfjkgbndfjksgnjlsdkngjdksngjklsdfngjkl;dsfgnbjksdfngjkslfdgnasdfjkgbndfjksgnjlsdkngjdksngjklsdfngjkl;dsfgnbjksdfngjkslfdgnasdfjkgbndfjksgnjlsdkngjdksngjklsdfngjkl;dsfgnbjksdfngjkslfdgnasdfjkgbndfjksgnjlsdkngjdksngjklsdfngjkl;dsfgnbjksdfngjkslfdgnasdfjkgbndfjksgnjlsdkngjdksngjklsdfngjkl;dsfgnbjksdfngjkslfdgnasdfjkgbndfjksgnjlsdkngjdksngjklsdfngjkl;dsfgnbjksdfngjkslfdgnasdfjkgbndfjksgnjlsdkngjdksngjklsdfngjkl;dsfgnbjksdfngjkslfdgnasdfjkgbndfjksgnjlsdkngjdksngjklsdfngjkl;dsfgnbjksdfngjkslfdgnasdfjkgbndfjksgnjlsdkngjdksngjklsdfngjkl;dsfgnbjksdfngjkslfdgnasdfjkgbndfjksgnjlsdkngjdksngjklsdfngjkl;dsfgnbjksdfngjkslfdgnasdfjkgbndfjksgnjlsdkngjdksngjklsdfngjkl;dsfgnbjksdfngjkslfdgnasdfjkgbndfjksgnjlsdkngjdksngjklsdfngjkl;dsfgnbjksdfngjkslfdgnasdfjkgbndfjksgnjlsdkngjdksngjklsdfngjkl;dsfgnbjksdfngjkslfdgnasdfjkgbndfjksgnjlsdkngjdksngjklsdfngjkl;dsfgnbjksdfngjkslfdgnasdfjkgbndfjksgnjlsdkngjdksngjklsdfngjkl;dsfgnbjksdfngjkslfdgnasdfjkgbndfjksgnjlsdkngjdksngjklsdfngjkl;dsfgnbjksdfngjkslfdgnasdfjkgbndfjksgnjlsdkngjdksngjklsdfngjkl;dsfgnbjksdfngjkslfdgnasdfjkgbndfjksgnjlsdkngjdksngjklsdfngjkl;dsfgnbjksdfngjkslfdgnasdfjkgbndfjksgnjlsdkngjdksngjklsdfngjkl;dsfgnbjksdfngjkslfdgnasdfjkgbndfjksgnjlsdkngjdksngjklsdfngjkl;dsfgnbjksdfngjkslfdgnasdfjkgbndfjksgnjlsdkngjdksngjklsdfngjkl;dsfgnbjksdfngjkslfdgnasdfjkgbndfjksgnjlsdkngjdksngjklsdfngjkl;dsfgnbjksdfngjkslfdgnasdfjkgbndfjksgnjlsdkngjdksngjklsdfngjkl;dsfgnbjksdfngjkslfdgnasdfjkgbndfjksgnjlsdkngjdksngjklsdfngjkl;dsfgnbjksdfngjkslfdgnasdfjkgbndfjksgnjlsdkngjdksngjklsdfngjkl;dsfgnbjksdfngjkslfdgnasdfjkgbndfjksgnjlsdkngjdksngjklsdfngjkl;dsfgnbjksdfngjkslfdgnasdfjkgbndfjksgnjlsdkngjdksngjklsdfngjkl;dsfgnbjksdfngjkslfdgnasdfjkgbndfjksgnjlsdkngjdksngjklsdfngjkl;dsfgnbjksdfngjkslfdgnasdfjkgbndfjksgnjlsdkngjdksngjklsdfngjkl;dsfgnbjksdfngjkslfdgnasdfjkgbndfjksgnjlsdkngjdksngjklsdfngjkl;dsfgnbjksdfngjkslfdgnasdfjkgbndfjksgnjlsdkngjdksngjklsdfngjkl;dsfgnbjksdfngjkslfdgnasdfjkgbndfjksgnjlsdkngjdksngjklsdfngjkl;dsfgnbjksdfngjkslfdgnasdfjkgbndfjksgnjlsdkngjdksngjklsdfngjkl;dsfgnbjksdfngjkslfdgnasdfjkgbndfjksgnjlsdkngjdksngjklsdfngjkl;dsfgnbjksdfngjkslfdgnasdfjkgbndfjksgnjlsdkngjdksngjklsdfngjkl;dsfgnbjksdfngjkslfdgnasdfjkgbndfjksgnjlsdkngjdksngjklsdfngjkl;dsfgnbjksdfngjkslfdgnasdfjkgbndfjksgnjlsdkngjdksngjklsdfngjkl;dsfgnbjksdfngjkslfdgnasdfjkgbndfjksgnjlsdkngjdksngjklsdfngjkl;dsfgnbjksdfngjkslfdgnasdfjkgbndfjksgnjlsdkngjdksngjklsdfngjkl;dsfgnbjksdfngjkslfdgnasdfjkgbndfjksgnjlsdkngjdksngjklsdfngjkl;dsfgnbjksdfngjkslfdgnasdfjkgbndfjksgnjlsdkngjdksngjklsdfngjkl;dsfgnbjksdfngjkslfdgnasdfjkgbndfjksgnjlsdkngjdksngjklsdfngjkl;dsfgnbjksdfngjkslfdgnasdfjkgbndfjksgnjlsdkngjdksngjklsdfngjkl;dsfgnbjksdfngjkslfdgnasdfjkgbndfjksgnjlsdkngjdksngjklsdfngjkl;dsfgnbjksdfngjkslfdgnasdfjkgbndfjksgnjlsdkngjdksngjklsdfngjkl;dsfgnbjksdfngjkslfdgnasdfjkgbndfjksgnjlsdkngjdksngjklsdfngjkl;dsfgnbjksdfngjkslfdgnasdfjkgbndfjksgnjlsdkngjdksngjklsdfngjkl;dsfgnbjksdfngjkslfdgnasdfjkgbndfjksgnjlsdkngjdksngjklsdfngjkl;dsfgnbjksdfngjkslfdgnasdfjkgbndfjksgnjlsdkngjdksngjklsdfngjkl;dsfgnbjksdfngjkslfdgnasdfjkgbndfjksgnjlsdkngjdksngjklsdfngjkl;dsfgnbjksdfngjkslfdgnasdfjkgbndfjksgnjlsdkngjdksngjklsdfngjkl;dsfgnbjksdfngjkslfdgnasdfjkgbndfjksgnjlsdkngjdksngjklsdfngjkl;dsfgnbjksdfngjkslfdgnasdfjkgbndfjksgnjlsdkngjdksngjklsdfngjkl;dsfgnbjksdfngjkslfdgnasdfjkgbndfjksgnjlsdkngjdksngjklsdfngjkl;dsfgnbjksdfngjkslfdgnasdfjkgbndfjksgnjlsdkngjdksngjklsdfngjkl;dsfgnbjksdfngjkslfdgnasdfjkgbndfjksgnjlsdkngjdksngjklsdfngjkl;dsfgnbjksdfngjkslfdgnasdfjkgbndfjksgnjlsdkngjdksngjklsdfngjkl;dsfgnbjksdfngjkslfdgnasdfjkgbndfjksgnjlsdkngjdksngjklsdfngjkl;dsfgnbjksdfngjkslfdgnasdfjkgbndfjksgnjlsdkngjdksngjklsdfngjkl;dsfgnbjksdfngjkslfdgnasdfjkgbndfjksgnjlsdkngjdksngjklsdfngjkl;dsfgnbjksdfngjkslfdgnasdfjkgbndfjksgnjlsdkngjdksngjklsdfngjkl;dsfgnbjksdfngjkslfdgnasdfjkgbndfjksgnjlsdkngjdksngjklsdfngjkl;dsfgnbjksdfngjkslfdgnasdfjkgbndfjksgnjlsdkngjdksngjklsdfngjkl;dsfgnbjksdfngjkslfdgnasdfjkgbndfjksgnjlsdkngjdksngjklsdfngjkl;dsfgnbjksdfngjkslfdgnasdfjkgbndfjksgnjlsdkngjdksngjklsdfngjkl;dsfgnbjksdfngjkslfdgnasdfjkgbndfjksgnjlsdkngjdksngjklsdfngjkl;dsfgnbjksdfngjkslfdgnasdfjkgbndfjksgnjlsdkngjdksngjklsdfngjkl;dsfgnbjksdfngjkslfdgnasdfjkgbndfjksgnjlsdkngjdksngjklsdfngjkl;dsfgnbjksdfngjkslfdgnasdfjkgbndfjksgnjlsdkngjdksngjklsdfngjkl;dsfgnbjksdfngjkslfdgnasdfjkgbndfjksgnjlsdkngjdksngjklsdfngjkl;dsfgnbjksdfngjkslfdgnasdfjkgbndfjksgnjlsdkngjdksngjklsdfngjkl;dsfgnbjksdfngjkslfdgnasdfjkgbndfjksgnjlsdkngjdksngjklsdfngjkl;dsfgnbjksdfngjkslfdgnasdfjkgbndfjksgnjlsdkngjdksngjklsdfngjkl;dsfgnbjksdfngjkslfdgnasdfjkgbndfjksgnjlsdkngjdksngjklsdfngjkl;dsfgnbjksdfngjkslfdgnasdfjkgbndfjksgnjlsdkngjdksngjklsdfngjkl;dsfgnbjksdfngjkslfdgnasdfjkgbndfjksgnjlsdkngjdksngjklsdfngjkl;dsfgnbjksdfngjkslfdgnasdfjkgbndfjksgnjlsdkngjdksngjklsdfngjkl;dsfgnbjksdfngjkslfdgnasdfjkgbndfjksgnjlsdkngjdksngjklsdfngjkl;dsfgnbjksdfngjkslfdgnasdfjkgbndfjksgnjlsdkngjdksngjklsdfngjkl;dsfgnbjksdfngjkslfdgnasdfjkgbndfjksgnjlsdkngjdksngjklsdfngjkl;dsfgnbjksdfngjkslfdgnasdfjkgbndfjksgnjlsdkngjdksngjklsdfngjkl;dsfgnbjksdfngjkslfdgnasdfjkgbndfjksgnjlsdkngjdksngjklsdfngjkl;dsfgnbjksdfngjkslfdgnasdfjkgbndfjksgnjlsdkngjdksngjklsdfngjkl;dsfgnbjksdfngjkslfdgnasdfjkgbndfjksgnjlsdkngjdksngjklsdfngjkl;dsfgnbjksdfngjkslfdgnasdfjkgbndfjksgnjlsdkngjdksngjklsdfngjkl;dsfgnbjksdfngjkslfdgnasdfjkgbndfjksgnjlsdkngjdksngjklsdfngjkl;dsfgnbjksdfngjkslfdgnasdfjkgbndfjksgnjlsdkngjdksngjklsdfngjkl;dsfgnbjksdfngjkslfdgnasdfjkgbndfjksgnjlsdkngjdksngjklsdfngjkl;dsfgnbjksdfngjkslfdgnasdfjkgbndfjksgnjlsdkngjdksngjklsdfngjkl;dsfgnbjksdfngjkslfdgnasdfjkgbndfjksgnjlsdkngjdksngjklsdfngjkl;dsfgnbjksdfngjkslfdgnasdfjkgbndfjksgnjlsdkngjdksngjklsdfngjkl;dsfgnbjksdfngjkslfdgnasdfjkgbndfjksgnjlsdkngjdksngjklsdfngjkl;dsfgnbjksdfngjkslfdgnasdfjkgbndfjksgnjlsdkngjdksngjklsdfngjkl;dsfgnbjksdfngjkslfdgnasdfjkgbndfjksgnjlsdkngjdksngjklsdfngjkl;dsfgnbjksdfngjkslfdgnasdfjkgbndfjksgnjlsdkngjdksngjklsdfngjkl;dsfgnbjksdfngjkslfdgnasdfjkgbndfjksgnjlsdkngjdksngjklsdfngjkl;dsfgnbjksdfngjkslfdgnasdfjkgbndfjksgnjlsdkngjdksngjklsdfngjkl;dsfgnbjksdfngjkslfdgnasdfjkgbndfjksgnjlsdkngjdksngjklsdfngjkl;dsfgnbjksdfngjkslfdgnasdfjkgbndfjksgnjlsdkngjdksngjklsdfngjkl;dsfgnbjksdfngjkslfdgnasdfjkgbndfjksgnjlsdkngjdksngjklsdfngjkl;dsfgnbjksdfngjkslfdgnasdfjkgbndfjksgnjlsdkngjdksngjklsdfngjkl;dsfgnbjksdfngjkslfdgnasdfjkgbndfjksgnjlsdkngjdksngjklsdfngjkl;dsfgnbjksdfngjkslfdgnasdfjkgbndfjksgnjlsdkngjdksngjklsdfngjkl;dsfgnbjksdfngjkslfdgnasdfjkgbndfjksgnjlsdkngjdksngjklsdfngjkl;dsfgnbjksdfngjkslfdgnasdfjkgbndfjksgnjlsdkngjdksngjklsdfngjkl;dsfgnbjksdfngjkslfdgnasdfjkgbndfjksgnjlsdkngjdksngjklsdfngjkl;dsfgnbjksdfngjkslfdgnasdfjkgbndfjksgnjlsdkngjdksngjklsdfngjkl;dsfgnbjksdfngjkslfdgnasdfjkgbndfjksgnjlsdkngjdksngjklsdfngjkl;dsfgnbjksdfngjkslfdgnasdfjkgbndfjksgnjlsdkngjdksngjklsdfngjkl;dsfgnbjksdfngjkslfdgnasdfjkgbndfjksgnjlsdkngjdksngjklsdfngjkl;dsfgnbjksdfngjkslfdgnasdfjkgbndfjksgnjlsdkngjdksngjklsdfngjkl;dsfgnbjksdfngjkslfdgnasdfjkgbndfjksgnjlsdkngjdksngjklsdfngjkl;dsfgnbjksdfngjkslfdgnasdfjkgbndfjksgnjlsdkngjdksngjklsdfngjkl;dsfgnbjksdfngjkslfdgnasdfjkgbndfjksgnjlsdkngjdksngjklsdfngjkl;dsfgnbjksdfngjkslfdgnasdfjkgbndfjksgnjlsdkngjdksngjklsdfngjkl;dsfgnbjksdfngjkslfdgnasdfjkgbndfjksgnjlsdkngjdksngjklsdfngjkl;dsfgnbjksdfngjkslfdgnasdfjkgbndfjksgnjlsdkngjdksngjklsdfngjkl;dsfgnbjksdfngjkslfdgnasdfjkgbndfjksgnjlsdkngjdksngjklsdfngjkl;dsfgnbjksdfngjkslfdgnasdfjkgbndfjksgnjlsdkngjdksngjklsdfngjkl;dsfgnbjksdfngjkslfdgnasdfjkgbndfjksgnjlsdkngjdksngjklsdfngjkl;dsfgnbjksdfngjkslfdgnasdfjkgbndfjksgnjlsdkngjdksngjklsdfngjkl;dsfgnbjksdfngjkslfdgnasdfjkgbndfjksgnjlsdkngjdksngjklsdfngjkl;dsfgnbjksdfngjkslfdgnasdfjkgbndfjksgnjlsdkngjdksngjklsdfngjkl;dsfgnbjksdfngjkslfdgnasdfjkgbndfjksgnjlsdkngjdksngjklsdfngjkl;dsfgnbjksdfngjkslfdgnasdfjkgbndfjksgnjlsdkngjdksngjklsdfngjkl;dsfgnbjksdfngjkslfdgnasdfjkgbndfjksgnjlsdkngjdksngjklsdfngjkl;dsfgnbjksdfngjkslfdgnasdfjkgbndfjksgnjlsdkngjdksngjklsdfngjkl;dsfgnbjksdfngjkslfdgnasdfjkgbndfjksgnjlsdkngjdksngjklsdfngjkl;dsfgnbjksdfngjkslfdgnasdfjkgbndfjksgnjlsdkngjdksngjklsdfngjkl;dsfgnbjksdfngjkslfdgnasdfjkgbndfjksgnjlsdkngjdksngjklsdfngjkl;dsfgnbjksdfngjkslfdgnasdfjkgbndfjksgnjlsdkngjdksngjklsdfngjkl;dsfgnbjksdfngjkslfd', '0', 'Đang chờ', '2023-11-22', 1, 1, 1),
(35, 'Tháng 1 TEST', '2023-01-01', '2023-02-01', 'Tháng 1 TEST', '100', 'Hoàn Thành', '2023-01-01', 1, 1, 4),
(36, 'Tháng 2 TEST', '2023-02-01', '2023-03-01', 'Tháng 1 TEST', '100', 'Hoàn Thành', '2023-02-01', 1, 1, 4),
(37, 'Tháng 3 TEST', '2023-03-01', '2023-03-10', 'Tháng 1 TEST', '100', 'Hoàn Thành', '2023-03-01', 1, 1, 4),
(38, 'Tháng 4 TEST', '2023-04-01', '2023-04-10', 'Tháng 1 TEST', '100', 'Hoàn Thành', '2023-04-01', 1, 1, 4),
(39, 'Tháng 4 TEST', '2023-04-01', '2023-04-10', 'Tháng 1 TEST', '100', 'Hoàn Thành', '2023-04-01', 1, 1, 4),
(40, 'Tháng 3 TEST', '2023-03-01', '2023-03-10', 'Tháng 1 TEST', '100', 'Hoàn Thành', '2023-03-01', 1, 1, 4),
(41, 'Tháng 5 TEST', '2023-05-01', '2023-05-10', 'Tháng 5 TEST', '100', 'Hoàn Thành', '2023-05-01', 1, 1, 4),
(42, 'Tháng 5 TEST', '2023-05-01', '2023-05-10', 'Tháng 5 TEST', '100', 'Hoàn Thành', '2023-05-01', 1, 1, 4),
(43, 'Tháng 5 TEST', '2023-05-01', '2023-05-10', 'Tháng 5 TEST', '0', 'Hoàn Thành', '2023-05-01', 1, 1, 4),
(44, 'Tháng 6 TEST', '2023-06-01', '2023-06-10', 'Tháng 6 TEST', '100', 'Hoàn Thành', '2023-06-01', 1, 1, 4),
(45, 'Tháng 6 TEST', '2023-06-01', '2023-06-10', 'Tháng 6 TEST', '100', 'Hoàn Thành', '2023-06-01', 1, 1, 4),
(46, 'Tháng 6 TEST', '2023-06-01', '2023-06-10', 'Tháng 6 TEST', '0', 'Hoàn Thành', '2023-06-01', 1, 1, 4),
(47, 'Tháng 6 TEST', '2023-06-01', '2023-06-10', 'Tháng 6 TEST', '0', 'Hoàn Thành', '2023-06-01', 1, 1, 4),
(48, 'Tháng 7 TEST', '2023-07-01', '2023-07-10', 'Tháng 7 TEST', '100', 'Hoàn Thành', '2023-07-01', 1, 1, 4),
(49, 'Tháng 7 TEST', '2023-07-01', '2023-07-10', 'Tháng 7 TEST', '100', 'Hoàn Thành', '2023-07-01', 1, 1, 4),
(50, 'Tháng 7 TEST', '2023-07-01', '2023-07-10', 'Tháng 7 TEST', '100', 'Hoàn Thành', '2023-07-01', 1, 1, 4),
(51, 'Tháng 7 TEST', '2023-07-01', '2023-07-10', 'Tháng 7 TEST', '100', 'Hoàn Thành', '2023-07-01', 1, 1, 4);

-- --------------------------------------------------------

--
-- Table structure for table `giahancongviec`
--

CREATE TABLE `giahancongviec` (
  `GH_MA` int(10) NOT NULL,
  `CV_MA` int(11) NOT NULL,
  `GH_NOIDUNG` text NOT NULL,
  `GH_NGAY` date NOT NULL
) ENGINE=InnoDB DEFAULT CHARSET=utf8mb4 COLLATE=utf8mb4_general_ci;

--
-- Dumping data for table `giahancongviec`
--

INSERT INTO `giahancongviec` (`GH_MA`, `CV_MA`, `GH_NOIDUNG`, `GH_NGAY`) VALUES
(2, 14, 'adu what the hellllllll', '2023-11-23'),
(3, 28, 'yo yo yo', '2023-11-23'),
(5, 29, 'Em em em em Em em em em Em em em em Em em em em Em em em em Em em em em re.', '2023-11-28');

-- --------------------------------------------------------

--
-- Table structure for table `loaicongviec`
--

CREATE TABLE `loaicongviec` (
  `LCV_MA` int(10) NOT NULL,
  `LCV_TEN` varchar(50) NOT NULL
) ENGINE=InnoDB DEFAULT CHARSET=utf8mb4 COLLATE=utf8mb4_general_ci;

--
-- Dumping data for table `loaicongviec`
--

INSERT INTO `loaicongviec` (`LCV_MA`, `LCV_TEN`) VALUES
(1, 'ĐOÀN KHOA'),
(2, 'ĐOÀN TRƯỜNG'),
(3, 'ĐOÀN VỤ'),
(4, 'Đoàn trường ĐHCT'),
(5, 'Đoàn trường Khoc Học Xã Hội Nhân Văn'),
(7, 'LOẠI A'),
(8, '1'),
(9, '2'),
(10, '33'),
(11, '123'),
(12, '124124'),
(13, '111111');

-- --------------------------------------------------------

--
-- Table structure for table `nguoidung`
--

CREATE TABLE `nguoidung` (
  `ND_MA` int(10) NOT NULL,
  `ND_HOTEN` varchar(50) NOT NULL,
  `ND_NGAYSINH` date NOT NULL,
  `ND_DIACHI` varchar(50) NOT NULL,
  `ND_SDT` varchar(10) NOT NULL,
  `ND_EMAIL` varchar(50) NOT NULL,
  `ND_MSCB` int(10) NOT NULL,
  `ND_MATKHAU` varchar(32) NOT NULL
) ENGINE=InnoDB DEFAULT CHARSET=utf8mb4 COLLATE=utf8mb4_general_ci;

--
-- Dumping data for table `nguoidung`
--

INSERT INTO `nguoidung` (`ND_MA`, `ND_HOTEN`, `ND_NGAYSINH`, `ND_DIACHI`, `ND_SDT`, `ND_EMAIL`, `ND_MSCB`, `ND_MATKHAU`) VALUES
(1, 'Hậu', '1212-12-12', 'Đồng Tháp', '12345', 'HauHau@gmail.com', 1, 'c4ca4238a0b923820dcc509a6f75849b'),
(2, 'Lê Nhật Trọng ', '2003-08-12', 'Ninh Kiều, Cần Thơ   ', '0939706130', '1@gmail.com', 2106819, 'c4ca4238a0b923820dcc509a6f75849b'),
(3, 'Lê Nhật Trọng     ', '2003-08-12', 'HẬU GIANG    ', '0939706130', 'lenhattrong128@gmail.com', 2106819, 'c4ca4238a0b923820dcc509a6f75849b'),
(4, 'Tèo', '0000-00-00', 'Hà lộii', '1231234', 'teo@gamil.com', 123, 'e827aa1ed78e96a113182dce12143f9f'),
(6, 'Tèo', '0000-00-00', 'Hà lộii', '123134', '123teo@gmail.com', 123, 'c4ca4238a0b923820dcc509a6f75849b'),
(7, 'QQQQQQ', '0000-00-00', 'QQQQQQ', '1111111111', 'QQQQQQ@gmail.com', 2147483647, 'c4ca4238a0b923820dcc509a6f75849b'),
(9, '12312312', '0000-00-00', '3123412', '123123', 'a@b.c', 3123123, 'c4ca4238a0b923820dcc509a6f75849b'),
(10, '123', '2023-11-08', '132', '123', '123', 123, '123'),
(11, '123', '2023-11-08', '132', '123', '1232', 123, '123'),
(12, '123', '2023-11-08', '132', '123', '1235', 123, '123');

-- --------------------------------------------------------

--
-- Table structure for table `thongbao`
--

CREATE TABLE `thongbao` (
  `TB_MA` int(11) NOT NULL,
  `ND_MA` int(11) NOT NULL,
  `CV_MA` int(11) NOT NULL,
  `TB_ND` varchar(100) NOT NULL,
  `TB_TG` timestamp NOT NULL DEFAULT current_timestamp() ON UPDATE current_timestamp(),
  `TB_XEM` tinyint(1) NOT NULL DEFAULT 0
) ENGINE=InnoDB DEFAULT CHARSET=utf8mb4 COLLATE=utf8mb4_general_ci;

--
-- Dumping data for table `thongbao`
--

INSERT INTO `thongbao` (`TB_MA`, `ND_MA`, `CV_MA`, `TB_ND`, `TB_TG`, `TB_XEM`) VALUES
(4, 2, 19, 'Cập nhật tiến độ công việc', '2023-12-01 10:26:20', 0),
(5, 2, 21, 'Cập nhật tiến độ công việc', '2023-12-01 09:39:55', 1),
(6, 2, 20, 'Cập nhật tiến độ công việc', '2023-12-01 09:37:05', 0),
(7, 2, 18, 'Cập nhật tiến độ công việc 30% -> 99%', '2023-12-01 09:37:07', 0),
(10, 2, 29, 'Yêu cầu gia hạn công việc', '2023-12-01 09:43:04', 1),
(11, 2, 8, 'Cập nhật tiến độ công việc 12% -> 15%', '2023-12-01 09:42:58', 1);

--
-- Indexes for dumped tables
--

--
-- Indexes for table `admin`
--
ALTER TABLE `admin`
  ADD PRIMARY KEY (`AD_MA`);

--
-- Indexes for table `congviec`
--
ALTER TABLE `congviec`
  ADD PRIMARY KEY (`CV_MA`),
  ADD KEY `FK_NTH` (`CV_NTH`),
  ADD KEY `FK_NGS` (`CV_NGS`),
  ADD KEY `FK_LCV` (`LCV_MA`);

--
-- Indexes for table `giahancongviec`
--
ALTER TABLE `giahancongviec`
  ADD PRIMARY KEY (`GH_MA`),
  ADD KEY `FK_CV_MA` (`CV_MA`);

--
-- Indexes for table `loaicongviec`
--
ALTER TABLE `loaicongviec`
  ADD PRIMARY KEY (`LCV_MA`);

--
-- Indexes for table `nguoidung`
--
ALTER TABLE `nguoidung`
  ADD PRIMARY KEY (`ND_MA`) USING BTREE,
  ADD UNIQUE KEY `ND_EMAIL` (`ND_EMAIL`);

--
-- Indexes for table `thongbao`
--
ALTER TABLE `thongbao`
  ADD PRIMARY KEY (`TB_MA`),
  ADD KEY `TB_MA` (`TB_MA`),
  ADD KEY `FK_TB_ND` (`ND_MA`),
  ADD KEY `FK_TB_CV` (`CV_MA`);

--
-- AUTO_INCREMENT for dumped tables
--

--
-- AUTO_INCREMENT for table `admin`
--
ALTER TABLE `admin`
  MODIFY `AD_MA` int(10) NOT NULL AUTO_INCREMENT, AUTO_INCREMENT=2;

--
-- AUTO_INCREMENT for table `congviec`
--
ALTER TABLE `congviec`
  MODIFY `CV_MA` int(10) NOT NULL AUTO_INCREMENT, AUTO_INCREMENT=52;

--
-- AUTO_INCREMENT for table `giahancongviec`
--
ALTER TABLE `giahancongviec`
  MODIFY `GH_MA` int(10) NOT NULL AUTO_INCREMENT, AUTO_INCREMENT=6;

--
-- AUTO_INCREMENT for table `loaicongviec`
--
ALTER TABLE `loaicongviec`
  MODIFY `LCV_MA` int(10) NOT NULL AUTO_INCREMENT, AUTO_INCREMENT=14;

--
-- AUTO_INCREMENT for table `nguoidung`
--
ALTER TABLE `nguoidung`
  MODIFY `ND_MA` int(10) NOT NULL AUTO_INCREMENT, AUTO_INCREMENT=13;

--
-- AUTO_INCREMENT for table `thongbao`
--
ALTER TABLE `thongbao`
  MODIFY `TB_MA` int(11) NOT NULL AUTO_INCREMENT, AUTO_INCREMENT=12;

--
-- Constraints for dumped tables
--

--
-- Constraints for table `congviec`
--
ALTER TABLE `congviec`
  ADD CONSTRAINT `FK_LCV` FOREIGN KEY (`LCV_MA`) REFERENCES `loaicongviec` (`LCV_MA`),
  ADD CONSTRAINT `FK_NGS` FOREIGN KEY (`CV_NGS`) REFERENCES `nguoidung` (`ND_MA`),
  ADD CONSTRAINT `FK_NTH` FOREIGN KEY (`CV_NTH`) REFERENCES `nguoidung` (`ND_MA`);

--
-- Constraints for table `giahancongviec`
--
ALTER TABLE `giahancongviec`
  ADD CONSTRAINT `FK_CV_MA` FOREIGN KEY (`CV_MA`) REFERENCES `congviec` (`CV_MA`);

--
-- Constraints for table `thongbao`
--
ALTER TABLE `thongbao`
  ADD CONSTRAINT `FK_TB_CV` FOREIGN KEY (`CV_MA`) REFERENCES `congviec` (`CV_MA`),
  ADD CONSTRAINT `FK_TB_ND` FOREIGN KEY (`ND_MA`) REFERENCES `nguoidung` (`ND_MA`);
COMMIT;

/*!40101 SET CHARACTER_SET_CLIENT=@OLD_CHARACTER_SET_CLIENT */;
/*!40101 SET CHARACTER_SET_RESULTS=@OLD_CHARACTER_SET_RESULTS */;
/*!40101 SET COLLATION_CONNECTION=@OLD_COLLATION_CONNECTION */;
